,W,L,W/L%,GB,PS/G,PA/G,SRS,Year,Team
0,56,26,.683,—,111.5,105.7,5.22,1991,BOS
1,44,38,.537,12.0,105.4,105.6,-0.39,1991,PHI
2,39,43,.476,17.0,103.1,103.3,-0.43,1991,NYK
3,30,52,.366,26.0,101.4,106.4,-4.84,1991,WSB
4,26,56,.317,30.0,102.9,107.5,-4.53,1991,NJN
5,24,58,.293,32.0,101.8,107.8,-5.91,1991,MIA
6,Central Division,Central Division,Central Division,Central Division,Central Division,Central Division,Central Division,1991,
7,61,21,.744,—,110.0,101.0,8.57,1991,CHI
8,50,32,.610,11.0,100.1,96.8,3.08,1991,DET
9,48,34,.585,13.0,106.4,104.0,2.33,1991,MIL
10,43,39,.524,18.0,109.8,109.0,0.72,1991,ATL
11,41,41,.500,20.0,111.7,112.1,-0.37,1991,IND
12,33,49,.402,28.0,101.7,104.2,-2.33,1991,CLE
13,26,56,.317,35.0,102.8,108.0,-4.95,1991,CHA
14,26,56,.317,35.0,102.8,108.0,-4.95,1991,CHH
15,Midwest Division,Midwest Division,Midwest Division,Midwest Division,Midwest Division,Midwest Division,Midwest Division,1991,
16,55,27,.671,—,107.1,102.6,4.30,1991,SAS
17,54,28,.659,1.0,104.0,100.7,3.18,1991,UTA
18,52,30,.634,3.0,106.7,103.2,3.27,1991,HOU
19,31,51,.378,24.0,105.9,109.9,-3.79,1991,ORL
20,29,53,.354,26.0,99.6,103.5,-3.75,1991,MIN
21,28,54,.341,27.0,99.9,104.5,-4.27,1991,DAL
22,20,62,.244,35.0,119.9,130.8,-10.31,1991,DEN
23,Pacific Division,Pacific Division,Pacific Division,Pacific Division,Pacific Division,Pacific Division,Pacific Division,1991,
24,63,19,.768,—,114.7,106.0,8.47,1991,POR
25,58,24,.707,5.0,106.3,99.6,6.73,1991,LAL
26,55,27,.671,8.0,114.0,107.5,6.49,1991,PHO
27,44,38,.537,19.0,116.6,115.0,1.72,1991,GSW
28,41,41,.500,22.0,106.6,105.4,1.31,1991,SEA
29,31,51,.378,32.0,103.5,107.0,-3.16,1991,LAC
30,25,57,.305,38.0,96.7,103.5,-6.27,1991,SAC
31,51,31,.622,—,106.6,103.0,3.41,1992,BOS
32,51,31,.622,—,101.6,97.7,3.67,1992,NYK
33,40,42,.488,11.0,105.4,107.1,-1.54,1992,NJN
34,38,44,.463,13.0,105.0,109.2,-3.94,1992,MIA
35,35,47,.427,16.0,101.9,103.2,-1.34,1992,PHI
36,25,57,.305,26.0,102.4,106.8,-4.35,1992,WSB
37,21,61,.256,30.0,101.6,108.5,-6.52,1992,ORL
38,Central Division,Central Division,Central Division,Central Division,Central Division,Central Division,Central Division,1992,
39,67,15,.817,—,109.9,99.5,10.07,1992,CHI
40,57,25,.695,10.0,108.9,103.4,5.34,1992,CLE
41,48,34,.585,19.0,98.9,96.9,2.06,1992,DET
42,40,42,.488,27.0,112.2,110.3,1.85,1992,IND
43,38,44,.463,29.0,106.2,107.7,-1.15,1992,ATL
44,31,51,.378,36.0,105.0,106.7,-1.46,1992,MIL
45,31,51,.378,36.0,109.5,113.4,-3.57,1992,CHA
46,31,51,.378,36.0,109.5,113.4,-3.57,1992,CHH
47,Midwest Division,Midwest Division,Midwest Division,Midwest Division,Midwest Division,Midwest Division,Midwest Division,1992,
48,55,27,.671,—,108.3,101.9,5.70,1992,UTA
49,47,35,.573,8.0,104.0,100.6,2.81,1992,SAS
50,42,40,.512,13.0,102.0,103.7,-1.94,1992,HOU
51,24,58,.293,31.0,99.7,107.6,-7.59,1992,DEN
52,22,60,.268,33.0,97.6,105.3,-7.47,1992,DAL
53,15,67,.183,40.0,100.5,107.5,-6.85,1992,MIN
54,Pacific Division,Pacific Division,Pacific Division,Pacific Division,Pacific Division,Pacific Division,Pacific Division,1992,
55,57,25,.695,—,111.4,104.1,6.94,1992,POR
56,55,27,.671,2.0,118.7,114.8,3.77,1992,GSW
57,53,29,.646,4.0,112.1,106.2,5.68,1992,PHO
58,47,35,.573,10.0,106.5,104.7,1.86,1992,SEA
59,45,37,.549,12.0,102.9,101.9,1.10,1992,LAC
60,43,39,.524,14.0,100.4,101.5,-0.95,1992,LAL
61,29,53,.354,28.0,104.3,110.3,-5.63,1992,SAC
62,60,22,.732,—,101.6,95.4,5.87,1993,NYK
63,48,34,.585,12.0,103.7,102.8,0.93,1993,BOS
64,43,39,.524,17.0,102.8,101.6,1.20,1993,NJN
65,41,41,.500,19.0,105.5,104.2,1.35,1993,ORL
66,36,46,.439,24.0,103.6,104.7,-0.93,1993,MIA
67,26,56,.317,34.0,104.3,110.1,-5.25,1993,PHI
68,22,60,.268,38.0,101.9,108.9,-6.49,1993,WSB
69,Central Division,Central Division,Central Division,Central Division,Central Division,Central Division,Central Division,1993,
70,57,25,.695,—,105.2,98.9,6.19,1993,CHI
71,54,28,.659,3.0,107.7,101.3,6.30,1993,CLE
72,44,38,.537,13.0,110.1,110.4,-0.02,1993,CHA
73,44,38,.537,13.0,110.1,110.4,-0.02,1993,CHH
74,43,39,.524,14.0,107.5,108.4,-0.67,1993,ATL
75,41,41,.500,16.0,107.8,106.1,1.77,1993,IND
76,40,42,.488,17.0,100.6,102.0,-1.10,1993,DET
77,28,54,.341,29.0,102.3,106.1,-3.26,1993,MIL
78,Midwest Division,Midwest Division,Midwest Division,Midwest Division,Midwest Division,Midwest Division,Midwest Division,1993,
79,55,27,.671,—,104.0,99.8,3.57,1993,HOU
80,49,33,.598,6.0,105.5,102.8,2.21,1993,SAS
81,47,35,.573,8.0,106.2,104.0,1.74,1993,UTA
82,36,46,.439,19.0,105.2,106.9,-2.14,1993,DEN
83,19,63,.232,36.0,98.1,105.9,-7.62,1993,MIN
84,11,71,.134,44.0,99.3,114.5,-14.68,1993,DAL
85,Pacific Division,Pacific Division,Pacific Division,Pacific Division,Pacific Division,Pacific Division,Pacific Division,1993,
86,62,20,.756,—,113.4,106.7,6.27,1993,PHO
87,55,27,.671,7.0,108.3,101.3,6.66,1993,SEA
88,51,31,.622,11.0,108.5,105.4,2.92,1993,POR
89,41,41,.500,21.0,107.1,106.8,0.33,1993,LAC
90,39,43,.476,23.0,104.2,105.5,-1.20,1993,LAL
91,34,48,.415,28.0,109.9,110.9,-0.94,1993,GSW
92,25,57,.305,37.0,107.9,111.1,-3.00,1993,SAC
93,57,25,.695,—,98.5,91.5,6.48,1994,NYK
94,50,32,.610,7.0,105.7,101.8,3.68,1994,ORL
95,45,37,.549,12.0,103.2,101.0,2.11,1994,NJN
96,42,40,.512,15.0,103.4,100.7,2.40,1994,MIA
97,32,50,.390,25.0,100.8,105.1,-4.28,1994,BOS
98,25,57,.305,32.0,98.0,105.6,-7.37,1994,PHI
99,24,58,.293,33.0,100.4,107.7,-7.13,1994,WSB
100,Central Division,Central Division,Central Division,Central Division,Central Division,Central Division,Central Division,1994,
101,57,25,.695,—,101.4,96.2,4.94,1994,ATL
102,55,27,.671,2.0,98.0,94.9,2.87,1994,CHI
103,47,35,.573,10.0,101.0,97.5,3.26,1994,IND
104,47,35,.573,10.0,101.2,97.1,3.64,1994,CLE
105,41,41,.500,16.0,106.5,106.7,-0.23,1994,CHA
106,41,41,.500,16.0,106.5,106.7,-0.23,1994,CHH
107,20,62,.244,37.0,96.9,103.4,-6.24,1994,MIL
108,20,62,.244,37.0,96.9,104.7,-7.46,1994,DET
109,Midwest Division,Midwest Division,Midwest Division,Midwest Division,Midwest Division,Midwest Division,Midwest Division,1994,
110,58,24,.707,—,101.1,96.8,4.19,1994,HOU
111,55,27,.671,3.0,100.0,94.8,5.05,1994,SAS
112,53,29,.646,5.0,101.9,97.7,4.10,1994,UTA
113,42,40,.512,16.0,100.3,98.8,1.54,1994,DEN
114,20,62,.244,38.0,96.7,103.6,-6.55,1994,MIN
115,13,69,.159,45.0,95.1,103.8,-8.19,1994,DAL
116,Pacific Division,Pacific Division,Pacific Division,Pacific Division,Pacific Division,Pacific Division,Pacific Division,1994,
117,63,19,.768,—,105.9,96.9,8.68,1994,SEA
118,56,26,.683,7.0,108.2,103.4,4.68,1994,PHO
119,50,32,.610,13.0,107.9,106.1,1.76,1994,GSW
120,47,35,.573,16.0,107.3,104.6,2.60,1994,POR
121,33,49,.402,30.0,100.4,104.7,-3.93,1994,LAL
122,28,54,.341,35.0,101.1,106.9,-5.32,1994,SAC
123,27,55,.329,36.0,103.0,108.7,-5.28,1994,LAC
124,57,25,.695,—,110.9,103.8,6.44,1995,ORL
125,55,27,.671,2.0,98.2,95.1,2.78,1995,NYK
126,35,47,.427,22.0,102.8,104.7,-1.92,1995,BOS
127,32,50,.390,25.0,101.1,102.8,-1.85,1995,MIA
128,30,52,.366,27.0,98.1,101.2,-3.28,1995,NJN
129,24,58,.293,33.0,95.4,100.4,-5.06,1995,PHI
130,21,61,.256,36.0,100.5,106.1,-5.56,1995,WSB
131,Central Division,Central Division,Central Division,Central Division,Central Division,Central Division,Central Division,1995,
132,52,30,.634,—,99.2,95.5,3.35,1995,IND
133,50,32,.610,2.0,100.6,97.3,2.87,1995,CHA
134,50,32,.610,2.0,100.6,97.3,2.87,1995,CHH
135,47,35,.573,5.0,101.5,96.7,4.32,1995,CHI
136,43,39,.524,9.0,90.5,89.8,0.55,1995,CLE
137,42,40,.512,10.0,96.6,95.3,1.06,1995,ATL
138,34,48,.415,18.0,99.3,103.7,-4.30,1995,MIL
139,28,54,.341,24.0,98.2,105.5,-7.08,1995,DET
140,Midwest Division,Midwest Division,Midwest Division,Midwest Division,Midwest Division,Midwest Division,Midwest Division,1995,
141,62,20,.756,—,106.6,100.6,5.90,1995,SAS
142,60,22,.732,2.0,106.4,98.4,7.76,1995,UTA
143,47,35,.573,15.0,103.5,101.4,2.32,1995,HOU
144,41,41,.500,21.0,101.3,100.5,0.96,1995,DEN
145,36,46,.439,26.0,103.2,106.1,-2.39,1995,DAL
146,21,61,.256,41.0,94.2,103.2,-8.22,1995,MIN
147,Pacific Division,Pacific Division,Pacific Division,Pacific Division,Pacific Division,Pacific Division,Pacific Division,1995,
148,59,23,.720,—,110.6,106.8,3.86,1995,PHO
149,57,25,.695,2.0,110.4,102.2,7.91,1995,SEA
150,48,34,.585,11.0,105.1,105.3,-0.01,1995,LAL
151,44,38,.537,15.0,103.1,99.2,3.80,1995,POR
152,39,43,.476,20.0,98.2,99.2,-0.74,1995,SAC
153,26,56,.317,33.0,105.7,111.1,-4.90,1995,GSW
154,17,65,.207,42.0,96.7,105.8,-8.43,1995,LAC
155,60,22,.732,—,104.5,99.0,5.40,1996,ORL
156,47,35,.573,13.0,97.2,94.9,2.24,1996,NYK
157,42,40,.512,18.0,96.5,95.0,1.46,1996,MIA
158,39,43,.476,21.0,102.5,101.5,0.99,1996,WSB
159,33,49,.402,27.0,103.6,107.0,-3.37,1996,BOS
160,30,52,.366,30.0,93.7,97.9,-4.14,1996,NJN
161,18,64,.220,42.0,94.5,104.5,-9.45,1996,PHI
162,Central Division,Central Division,Central Division,Central Division,Central Division,Central Division,Central Division,1996,
163,72,10,.878,—,105.2,92.9,11.80,1996,CHI
164,52,30,.634,20.0,99.3,96.1,3.11,1996,IND
165,47,35,.573,25.0,91.1,88.5,2.49,1996,CLE
166,46,36,.561,26.0,98.3,97.1,1.29,1996,ATL
167,46,36,.561,26.0,95.4,92.9,2.45,1996,DET
168,41,41,.500,31.0,102.8,103.4,-0.48,1996,CHA
169,41,41,.500,31.0,102.8,103.4,-0.48,1996,CHH
170,25,57,.305,47.0,95.6,100.9,-4.92,1996,MIL
171,21,61,.256,51.0,97.5,105.0,-7.20,1996,TOR
172,Midwest Division,Midwest Division,Midwest Division,Midwest Division,Midwest Division,Midwest Division,Midwest Division,1996,
173,59,23,.720,—,103.4,97.1,5.98,1996,SAS
174,55,27,.671,4.0,102.5,95.9,6.25,1996,UTA
175,48,34,.585,11.0,102.5,100.7,1.63,1996,HOU
176,35,47,.427,24.0,97.7,100.4,-2.62,1996,DEN
177,26,56,.317,33.0,97.9,103.2,-5.14,1996,MIN
178,26,56,.317,33.0,102.5,107.5,-4.71,1996,DAL
179,15,67,.183,44.0,89.8,99.8,-9.55,1996,VAN
180,Pacific Division,Pacific Division,Pacific Division,Pacific Division,Pacific Division,Pacific Division,Pacific Division,1996,
181,64,18,.780,—,104.5,96.7,7.40,1996,SEA
182,53,29,.646,11.0,102.9,98.5,4.21,1996,LAL
183,44,38,.537,20.0,99.3,97.0,2.21,1996,POR
184,41,41,.500,23.0,104.3,104.0,0.28,1996,PHO
185,39,43,.476,25.0,99.5,102.3,-2.62,1996,SAC
186,36,46,.439,28.0,101.6,103.1,-1.42,1996,GSW
187,29,53,.354,35.0,99.4,103.0,-3.46,1996,LAC
188,61,21,.744,—,94.8,89.3,5.56,1997,MIA
189,57,25,.695,4.0,95.4,92.2,3.31,1997,NYK
190,45,37,.549,16.0,94.1,94.5,-0.07,1997,ORL
191,44,38,.537,17.0,99.4,97.7,1.77,1997,WSB
192,26,56,.317,35.0,97.2,101.8,-3.89,1997,NJN
193,22,60,.268,39.0,100.2,106.7,-5.89,1997,PHI
194,15,67,.183,46.0,100.6,107.9,-6.62,1997,BOS
195,Central Division,Central Division,Central Division,Central Division,Central Division,Central Division,Central Division,1997,
196,69,13,.841,—,103.1,92.3,10.70,1997,CHI
197,56,26,.683,13.0,94.8,89.4,5.52,1997,ATL
198,54,28,.659,15.0,94.2,88.9,5.45,1997,DET
199,54,28,.659,15.0,98.9,97.0,2.13,1997,CHA
200,54,28,.659,15.0,98.9,97.0,2.13,1997,CHH
201,42,40,.512,27.0,87.5,85.6,2.32,1997,CLE
202,39,43,.476,30.0,95.4,94.4,1.49,1997,IND
203,33,49,.402,36.0,95.3,97.2,-1.38,1997,MIL
204,30,52,.366,39.0,95.5,98.6,-2.56,1997,TOR
205,Midwest Division,Midwest Division,Midwest Division,Midwest Division,Midwest Division,Midwest Division,Midwest Division,1997,
206,64,18,.780,—,103.1,94.3,7.97,1997,UTA
207,57,25,.695,7.0,100.6,96.1,3.85,1997,HOU
208,40,42,.488,24.0,96.1,97.6,-1.82,1997,MIN
209,24,58,.293,40.0,90.6,97.0,-6.47,1997,DAL
210,21,61,.256,43.0,97.8,104.1,-6.40,1997,DEN
211,20,62,.244,44.0,90.5,98.3,-7.93,1997,SAS
212,14,68,.171,50.0,89.2,99.4,-10.17,1997,VAN
213,Pacific Division,Pacific Division,Pacific Division,Pacific Division,Pacific Division,Pacific Division,Pacific Division,1997,
214,57,25,.695,—,100.9,93.2,6.91,1997,SEA
215,56,26,.683,1.0,100.0,95.7,3.66,1997,LAL
216,49,33,.598,8.0,99.0,94.8,3.56,1997,POR
217,40,42,.488,17.0,102.8,102.2,0.21,1997,PHO
218,36,46,.439,21.0,97.2,99.5,-2.66,1997,LAC
219,34,48,.415,23.0,96.4,99.8,-3.64,1997,SAC
220,30,52,.366,27.0,99.6,104.4,-4.90,1997,GSW
221,55,27,.671,—,95.0,90.0,5.09,1998,MIA
222,43,39,.524,12.0,91.6,89.1,2.74,1998,NYK
223,43,39,.524,12.0,99.6,98.1,1.88,1998,NJN
224,42,40,.512,13.0,97.2,96.6,1.11,1998,WAS
225,41,41,.500,14.0,90.1,91.2,-0.53,1998,ORL
226,36,46,.439,19.0,95.9,98.5,-1.96,1998,BOS
227,31,51,.378,24.0,93.3,95.7,-1.89,1998,PHI
228,Central Division,Central Division,Central Division,Central Division,Central Division,Central Division,Central Division,1998,
229,62,20,.756,—,96.7,89.6,7.24,1998,CHI
230,58,24,.707,4.0,96.0,89.9,6.25,1998,IND
231,51,31,.622,11.0,96.6,94.6,2.45,1998,CHA
232,51,31,.622,11.0,96.6,94.6,2.45,1998,CHH
233,50,32,.610,12.0,95.9,92.3,3.85,1998,ATL
234,47,35,.573,15.0,92.5,89.8,3.06,1998,CLE
235,37,45,.451,25.0,94.2,92.6,1.95,1998,DET
236,36,46,.439,26.0,94.5,96.4,-1.33,1998,MIL
237,16,66,.195,46.0,94.9,104.2,-8.33,1998,TOR
238,Midwest Division,Midwest Division,Midwest Division,Midwest Division,Midwest Division,Midwest Division,Midwest Division,1998,
239,62,20,.756,—,101.0,94.4,5.73,1998,UTA
240,56,26,.683,6.0,92.5,88.5,3.30,1998,SAS
241,45,37,.549,17.0,101.1,100.4,0.17,1998,MIN
242,41,41,.500,21.0,98.8,99.5,-1.23,1998,HOU
243,20,62,.244,42.0,91.4,97.5,-6.33,1998,DAL
244,19,63,.232,43.0,96.6,103.9,-7.47,1998,VAN
245,11,71,.134,51.0,89.0,100.8,-11.74,1998,DEN
246,Pacific Division,Pacific Division,Pacific Division,Pacific Division,Pacific Division,Pacific Division,Pacific Division,1998,
247,61,21,.744,—,100.6,93.4,6.33,1998,SEA
248,61,21,.744,—,105.5,97.8,6.88,1998,LAL
249,56,26,.683,5.0,99.6,94.4,4.44,1998,PHO
250,46,36,.561,15.0,94.3,92.9,0.83,1998,POR
251,27,55,.329,34.0,93.1,98.7,-5.83,1998,SAC
252,19,63,.232,42.0,88.3,97.4,-9.20,1998,GSW
253,17,65,.207,44.0,95.9,103.3,-7.53,1998,LAC
254,33,17,.660,—,89.0,84.0,5.11,1999,MIA
255,33,17,.660,—,89.5,86.9,3.11,1999,ORL
256,28,22,.560,5.0,89.7,87.6,2.56,1999,PHI
257,27,23,.540,6.0,86.4,85.4,1.45,1999,NYK
258,19,31,.380,14.0,93.0,94.9,-1.75,1999,BOS
259,18,32,.360,15.0,91.2,93.4,-1.75,1999,WAS
260,16,34,.320,17.0,91.4,95.2,-3.20,1999,NJN
261,Central Division,Central Division,Central Division,Central Division,Central Division,Central Division,Central Division,1999,
262,33,17,.660,—,94.7,90.9,3.86,1999,IND
263,31,19,.620,2.0,86.3,83.4,2.82,1999,ATL
264,29,21,.580,4.0,90.4,86.9,3.97,1999,DET
265,28,22,.560,5.0,91.7,90.0,1.66,1999,MIL
266,26,24,.520,7.0,92.9,93.0,0.63,1999,CHA
267,26,24,.520,7.0,92.9,93.0,0.63,1999,CHH
268,23,27,.460,10.0,91.1,92.8,-1.32,1999,TOR
269,22,28,.440,11.0,86.4,88.2,-0.94,1999,CLE
270,13,37,.260,20.0,81.9,91.4,-8.58,1999,CHI
271,Midwest Division,Midwest Division,Midwest Division,Midwest Division,Midwest Division,Midwest Division,Midwest Division,1999,
272,37,13,.740,—,92.8,84.7,7.12,1999,SAS
273,37,13,.740,—,93.3,86.8,5.54,1999,UTA
274,31,19,.620,6.0,94.2,91.9,1.39,1999,HOU
275,25,25,.500,12.0,92.9,92.6,-0.17,1999,MIN
276,19,31,.380,18.0,91.6,94.0,-2.50,1999,DAL
277,14,36,.280,23.0,93.5,100.1,-6.67,1999,DEN
278,8,42,.160,29.0,88.9,97.5,-8.94,1999,VAN
279,Pacific Division,Pacific Division,Pacific Division,Pacific Division,Pacific Division,Pacific Division,Pacific Division,1999,
280,35,15,.700,—,94.8,88.5,5.67,1999,POR
281,31,19,.620,4.0,99.0,96.0,2.68,1999,LAL
282,27,23,.540,8.0,95.6,93.3,2.15,1999,PHO
283,27,23,.540,8.0,100.2,100.6,-0.89,1999,SAC
284,25,25,.500,10.0,94.9,95.9,-1.43,1999,SEA
285,21,29,.420,14.0,88.3,90.8,-2.63,1999,GSW
286,9,41,.180,26.0,90.4,99.2,-8.94,1999,LAC
287,52,30,.634,—,94.4,91.3,2.75,2000,MIA
288,50,32,.610,2.0,92.1,90.7,1.30,2000,NYK
289,49,33,.598,3.0,94.8,93.4,1.02,2000,PHI
290,41,41,.500,11.0,100.1,99.4,0.43,2000,ORL
291,35,47,.427,17.0,99.3,100.1,-1.00,2000,BOS
292,31,51,.378,21.0,98.0,99.0,-1.18,2000,NJN
293,29,53,.354,23.0,96.6,99.9,-3.47,2000,WAS
294,Central Division,Central Division,Central Division,Central Division,Central Division,Central Division,Central Division,2000,
295,56,26,.683,—,101.3,96.7,4.15,2000,IND
296,49,33,.598,7.0,98.4,95.8,2.33,2000,CHA
297,49,33,.598,7.0,98.4,95.8,2.33,2000,CHH
298,45,37,.549,11.0,97.2,97.3,-0.46,2000,TOR
299,42,40,.512,14.0,103.5,102.0,1.13,2000,DET
300,42,40,.512,14.0,101.2,101.0,-0.06,2000,MIL
301,32,50,.390,24.0,97.0,100.5,-3.64,2000,CLE
302,28,54,.341,28.0,94.3,99.7,-5.41,2000,ATL
303,17,65,.207,39.0,84.8,94.2,-9.23,2000,CHI
304,Midwest Division,Midwest Division,Midwest Division,Midwest Division,Midwest Division,Midwest Division,Midwest Division,2000,
305,55,27,.671,—,96.5,92.0,4.52,2000,UTA
306,53,29,.646,2.0,96.2,90.2,5.92,2000,SAS
307,50,32,.610,5.0,98.5,96.0,2.67,2000,MIN
308,40,42,.488,15.0,101.4,102.0,-0.29,2000,DAL
309,35,47,.427,20.0,99.0,101.1,-1.76,2000,DEN
310,34,48,.415,21.0,99.5,100.3,-0.57,2000,HOU
311,22,60,.268,33.0,93.9,99.5,-5.10,2000,VAN
312,Pacific Division,Pacific Division,Pacific Division,Pacific Division,Pacific Division,Pacific Division,Pacific Division,2000,
313,67,15,.817,—,100.8,92.3,8.41,2000,LAL
314,59,23,.720,8.0,97.5,91.0,6.36,2000,POR
315,53,29,.646,14.0,98.9,93.7,5.24,2000,PHO
316,45,37,.549,22.0,99.1,98.1,1.17,2000,SEA
317,44,38,.537,23.0,105.0,102.0,3.04,2000,SAC
318,19,63,.232,48.0,95.5,103.8,-7.63,2000,GSW
319,15,67,.183,52.0,92.0,103.5,-10.73,2000,LAC
320,56,26,.683,—,94.7,90.4,3.64,2001,PHI
321,50,32,.610,6.0,88.9,86.6,1.73,2001,MIA
322,48,34,.585,8.0,88.7,86.1,1.98,2001,NYK
323,43,39,.524,13.0,97.5,96.5,0.39,2001,ORL
324,36,46,.439,20.0,94.6,96.8,-2.40,2001,BOS
325,26,56,.317,30.0,92.1,97.1,-5.30,2001,NJN
326,19,63,.232,37.0,93.2,99.9,-6.75,2001,WAS
327,Central Division,Central Division,Central Division,Central Division,Central Division,Central Division,Central Division,2001,
328,52,30,.634,—,100.7,96.9,3.14,2001,MIL
329,47,35,.573,5.0,97.6,95.4,1.69,2001,TOR
330,46,36,.561,6.0,91.9,89.8,1.45,2001,CHA
331,46,36,.561,6.0,91.9,89.8,1.45,2001,CHH
332,41,41,.500,11.0,92.6,92.8,-0.77,2001,IND
333,32,50,.390,20.0,95.6,97.3,-2.08,2001,DET
334,30,52,.366,22.0,92.2,96.5,-4.48,2001,CLE
335,25,57,.305,27.0,91.0,96.2,-5.55,2001,ATL
336,15,67,.183,37.0,87.6,96.7,-9.09,2001,CHI
337,Midwest Division,Midwest Division,Midwest Division,Midwest Division,Midwest Division,Midwest Division,Midwest Division,2001,
338,58,24,.707,—,96.2,88.4,7.92,2001,SAS
339,53,29,.646,5.0,97.1,92.4,5.00,2001,UTA
340,53,29,.646,5.0,100.5,96.2,4.61,2001,DAL
341,47,35,.573,11.0,97.3,96.0,1.81,2001,MIN
342,45,37,.549,13.0,97.2,94.9,2.71,2001,HOU
343,40,42,.488,18.0,96.6,99.0,-1.83,2001,DEN
344,23,59,.280,35.0,91.7,97.5,-4.94,2001,VAN
345,Pacific Division,Pacific Division,Pacific Division,Pacific Division,Pacific Division,Pacific Division,Pacific Division,2001,
346,56,26,.683,—,100.6,97.2,3.74,2001,LAL
347,55,27,.671,1.0,101.7,95.9,6.07,2001,SAC
348,51,31,.622,5.0,94.0,91.8,2.63,2001,PHO
349,50,32,.610,6.0,95.4,91.2,4.52,2001,POR
350,44,38,.537,12.0,97.3,97.3,0.55,2001,SEA
351,31,51,.378,25.0,92.5,95.3,-2.23,2001,LAC
352,17,65,.207,39.0,92.5,101.5,-8.11,2001,GSW
353,52,30,.634,—,96.2,92.0,3.67,2002,NJN
354,49,33,.598,3.0,96.4,94.1,1.75,2002,BOS
355,44,38,.537,8.0,100.5,98.9,1.25,2002,ORL
356,43,39,.524,9.0,91.0,89.4,1.27,2002,PHI
357,37,45,.451,15.0,92.8,94.2,-1.58,2002,WAS
358,36,46,.439,16.0,87.2,88.7,-1.84,2002,MIA
359,30,52,.366,22.0,91.6,95.6,-4.15,2002,NYK
360,Central Division,Central Division,Central Division,Central Division,Central Division,Central Division,Central Division,2002,
361,50,32,.610,—,94.3,92.2,1.69,2002,DET
362,44,38,.537,6.0,93.9,92.9,0.57,2002,CHA
363,44,38,.537,6.0,93.9,92.9,0.57,2002,CHH
364,42,40,.512,8.0,91.4,91.8,-0.71,2002,TOR
365,42,40,.512,8.0,96.8,96.5,-0.07,2002,IND
366,41,41,.500,9.0,97.5,97.7,-0.62,2002,MIL
367,33,49,.402,17.0,94.0,98.3,-4.41,2002,ATL
368,29,53,.354,21.0,95.3,98.6,-3.52,2002,CLE
369,21,61,.256,29.0,89.5,98.0,-8.52,2002,CHI
370,Midwest Division,Midwest Division,Midwest Division,Midwest Division,Midwest Division,Midwest Division,Midwest Division,2002,
371,58,24,.707,—,96.7,90.5,6.28,2002,SAS
372,57,25,.695,1.0,105.2,101.0,4.41,2002,DAL
373,50,32,.610,8.0,99.3,96.0,3.58,2002,MIN
374,44,38,.537,14.0,96.0,95.1,1.21,2002,UTA
375,28,54,.341,30.0,92.3,97.2,-4.31,2002,HOU
376,27,55,.329,31.0,92.2,98.0,-5.19,2002,DEN
377,23,59,.280,35.0,89.9,97.3,-6.74,2002,MEM
378,Pacific Division,Pacific Division,Pacific Division,Pacific Division,Pacific Division,Pacific Division,Pacific Division,2002,
379,61,21,.744,—,104.6,97.0,7.61,2002,SAC
380,58,24,.707,3.0,101.3,94.1,7.15,2002,LAL
381,49,33,.598,12.0,96.6,93.7,3.21,2002,POR
382,45,37,.549,16.0,97.7,94.7,3.24,2002,SEA
383,39,43,.476,22.0,95.7,96.1,-0.09,2002,LAC
384,36,46,.439,25.0,95.1,95.8,-0.30,2002,PHO
385,21,61,.256,40.0,97.7,103.1,-4.80,2002,GSW
386,49,33,.598,—,95.4,90.1,4.42,2003,NJN
387,48,34,.585,1.0,96.8,94.5,1.76,2003,PHI
388,44,38,.537,5.0,92.7,93.1,-0.75,2003,BOS
389,42,40,.512,7.0,98.5,98.4,-0.39,2003,ORL
390,37,45,.451,12.0,91.5,92.5,-1.47,2003,WAS
391,37,45,.451,12.0,95.9,97.2,-1.61,2003,NYK
392,25,57,.305,24.0,85.6,90.6,-5.13,2003,MIA
393,Central Division,Central Division,Central Division,Central Division,Central Division,Central Division,Central Division,2003,
394,50,32,.610,—,91.4,87.7,2.97,2003,DET
395,48,34,.585,2.0,96.8,93.3,2.79,2003,IND
396,47,35,.573,3.0,93.9,91.8,1.52,2003,
397,42,40,.512,8.0,99.5,99.3,-0.24,2003,MIL
398,35,47,.427,15.0,94.1,97.6,-3.87,2003,ATL
399,30,52,.366,20.0,95.0,100.1,-5.31,2003,CHI
400,24,58,.293,26.0,90.9,96.8,-6.10,2003,TOR
401,17,65,.207,33.0,91.4,101.0,-9.59,2003,CLE
402,Midwest Division,Midwest Division,Midwest Division,Midwest Division,Midwest Division,Midwest Division,Midwest Division,2003,
403,60,22,.732,—,95.8,90.4,5.65,2003,SAS
404,60,22,.732,—,103.0,95.2,7.90,2003,DAL
405,51,31,.622,9.0,98.1,96.0,2.46,2003,MIN
406,47,35,.573,13.0,94.7,92.3,2.76,2003,UTA
407,43,39,.524,17.0,93.8,92.3,1.89,2003,HOU
408,28,54,.341,32.0,97.5,100.7,-2.60,2003,MEM
409,17,65,.207,43.0,84.2,92.4,-7.41,2003,DEN
410,Pacific Division,Pacific Division,Pacific Division,Pacific Division,Pacific Division,Pacific Division,Pacific Division,2003,
411,59,23,.720,—,101.7,95.2,6.68,2003,SAC
412,50,32,.610,9.0,100.4,98.0,2.71,2003,LAL
413,50,32,.610,9.0,95.2,92.5,2.97,2003,POR
414,44,38,.537,15.0,95.5,94.4,1.57,2003,PHO
415,40,42,.488,19.0,92.1,92.3,0.37,2003,SEA
416,38,44,.463,21.0,102.4,103.6,-0.60,2003,GSW
417,27,55,.329,32.0,93.8,97.9,-3.45,2003,LAC
418,47,35,.573,—,90.3,87.8,1.88,2004,NJN
419,42,40,.512,5.0,90.3,89.7,-0.13,2004,MIA
420,39,43,.476,8.0,92.0,93.5,-1.97,2004,NYK
421,36,46,.439,11.0,95.3,96.7,-1.99,2004,BOS
422,33,49,.402,14.0,88.0,90.5,-2.95,2004,PHI
423,25,57,.305,22.0,91.8,97.4,-6.12,2004,WAS
424,21,61,.256,26.0,94.0,101.1,-7.25,2004,ORL
425,Central Division,Central Division,Central Division,Central Division,Central Division,Central Division,Central Division,2004,
426,61,21,.744,—,91.4,85.6,4.93,2004,IND
427,54,28,.659,7.0,90.1,84.3,5.04,2004,DET
428,41,41,.500,20.0,91.8,91.9,-0.72,2004,
429,41,41,.500,20.0,98.0,97.0,0.42,2004,MIL
430,35,47,.427,26.0,92.9,95.5,-3.07,2004,CLE
431,33,49,.402,28.0,85.4,88.5,-3.42,2004,TOR
432,28,54,.341,33.0,92.8,97.5,-5.00,2004,ATL
433,23,59,.280,38.0,89.7,96.0,-6.69,2004,CHI
434,Midwest Division,Midwest Division,Midwest Division,Midwest Division,Midwest Division,Midwest Division,Midwest Division,2004,
435,58,24,.707,—,94.5,89.1,5.86,2004,MIN
436,57,25,.695,1.0,91.5,84.3,7.51,2004,SAS
437,52,30,.634,6.0,105.2,100.8,4.86,2004,DAL
438,50,32,.610,8.0,96.7,94.3,2.95,2004,MEM
439,45,37,.549,13.0,89.8,88.0,2.28,2004,HOU
440,43,39,.524,15.0,97.2,96.1,1.65,2004,DEN
441,42,40,.512,16.0,88.7,89.9,-0.53,2004,UTA
442,Pacific Division,Pacific Division,Pacific Division,Pacific Division,Pacific Division,Pacific Division,Pacific Division,2004,
443,56,26,.683,—,98.2,94.3,4.35,2004,LAL
444,55,27,.671,1.0,102.8,97.8,5.41,2004,SAC
445,41,41,.500,15.0,90.7,92.0,-0.58,2004,POR
446,37,45,.451,19.0,93.3,94.0,-0.07,2004,GSW
447,37,45,.451,19.0,97.1,97.8,0.02,2004,SEA
448,29,53,.354,27.0,94.2,97.9,-2.94,2004,PHO
449,28,54,.341,28.0,94.8,99.4,-3.74,2004,LAC
450,45,37,.549,—,101.3,100.4,0.35,2005,BOS
451,43,39,.524,2.0,99.1,99.9,-1.07,2005,PHI
452,42,40,.512,3.0,91.4,92.9,-1.82,2005,NJN
453,33,49,.402,12.0,99.7,101.4,-1.81,2005,TOR
454,33,49,.402,12.0,97.3,99.7,-2.72,2005,NYK
455,Central Division,Central Division,Central Division,Central Division,Central Division,Central Division,Central Division,2005,
456,54,28,.659,—,93.3,89.5,3.31,2005,DET
457,47,35,.573,7.0,94.5,93.4,0.65,2005,CHI
458,44,38,.537,10.0,93.0,92.2,0.49,2005,IND
459,42,40,.512,12.0,96.5,95.7,0.27,2005,CLE
460,30,52,.366,24.0,97.2,100.2,-3.09,2005,MIL
461,Southeast Division,Southeast Division,Southeast Division,Southeast Division,Southeast Division,Southeast Division,Southeast Division,2005,
462,59,23,.720,—,101.5,95.0,5.77,2005,MIA
463,45,37,.549,14.0,100.5,100.8,-0.71,2005,WAS
464,36,46,.439,23.0,99.5,101.8,-2.52,2005,ORL
465,18,64,.220,41.0,94.3,100.2,-6.15,2005,
466,13,69,.159,46.0,92.7,102.5,-9.62,2005,ATL
467,Northwest Division,Northwest Division,Northwest Division,Northwest Division,Northwest Division,Northwest Division,Northwest Division,2005,
468,52,30,.634,—,98.9,96.6,2.59,2005,SEA
469,49,33,.598,3.0,99.5,97.5,2.23,2005,DEN
470,44,38,.537,8.0,96.8,95.3,1.73,2005,MIN
471,27,55,.329,25.0,92.9,96.9,-3.45,2005,POR
472,26,56,.317,26.0,93.0,97.3,-3.74,2005,UTA
473,Pacific Division,Pacific Division,Pacific Division,Pacific Division,Pacific Division,Pacific Division,Pacific Division,2005,
474,62,20,.756,—,110.4,103.3,7.08,2005,PHO
475,50,32,.610,12.0,103.7,101.6,2.56,2005,SAC
476,37,45,.451,25.0,95.7,96.5,-0.47,2005,LAC
477,34,48,.415,28.0,98.7,101.7,-2.32,2005,LAL
478,34,48,.415,28.0,98.7,100.9,-1.74,2005,GSW
479,Southwest Division,Southwest Division,Southwest Division,Southwest Division,Southwest Division,Southwest Division,Southwest Division,2005,
480,59,23,.720,—,96.2,88.4,7.84,2005,SAS
481,58,24,.707,1.0,102.5,96.8,5.86,2005,DAL
482,51,31,.622,8.0,95.1,91.0,4.27,2005,HOU
483,45,37,.549,14.0,93.4,91.1,2.64,2005,MEM
484,18,64,.220,41.0,88.4,95.5,-6.30,2005,
485,49,33,.598,—,93.8,92.4,1.11,2006,NJN
486,38,44,.463,11.0,99.4,101.3,-2.10,2006,PHI
487,33,49,.402,16.0,98.0,99.5,-1.59,2006,BOS
488,27,55,.329,22.0,101.1,104.0,-3.03,2006,TOR
489,23,59,.280,26.0,95.6,102.0,-6.30,2006,NYK
490,Central Division,Central Division,Central Division,Central Division,Central Division,Central Division,Central Division,2006,
491,64,18,.780,—,96.8,90.2,6.24,2006,DET
492,50,32,.610,14.0,97.6,95.4,2.17,2006,CLE
493,41,41,.500,23.0,93.9,92.0,1.62,2006,IND
494,41,41,.500,23.0,97.8,97.2,0.51,2006,CHI
495,40,42,.488,24.0,97.8,98.8,-1.07,2006,MIL
496,Southeast Division,Southeast Division,Southeast Division,Southeast Division,Southeast Division,Southeast Division,Southeast Division,2006,
497,52,30,.634,—,99.9,96.0,3.59,2006,MIA
498,42,40,.512,10.0,101.7,99.8,1.57,2006,WAS
499,36,46,.439,16.0,94.9,96.0,-1.26,2006,ORL
500,26,56,.317,26.0,96.9,100.9,-3.90,2006,
501,26,56,.317,26.0,97.2,102.0,-4.69,2006,ATL
502,Northwest Division,Northwest Division,Northwest Division,Northwest Division,Northwest Division,Northwest Division,Northwest Division,2006,
503,44,38,.537,—,100.3,100.1,0.36,2006,DEN
504,41,41,.500,3.0,92.4,95.0,-2.49,2006,UTA
505,35,47,.427,9.0,102.6,105.6,-2.88,2006,SEA
506,33,49,.402,11.0,91.7,93.6,-1.75,2006,MIN
507,21,61,.256,23.0,88.8,98.3,-8.91,2006,POR
508,Pacific Division,Pacific Division,Pacific Division,Pacific Division,Pacific Division,Pacific Division,Pacific Division,2006,
509,54,28,.659,—,108.4,102.8,5.48,2006,PHO
510,47,35,.573,7.0,97.2,95.6,1.75,2006,LAC
511,45,37,.549,9.0,99.4,96.9,2.53,2006,LAL
512,44,38,.537,10.0,98.9,97.3,1.61,2006,SAC
513,34,48,.415,20.0,98.5,99.8,-1.11,2006,GSW
514,Southwest Division,Southwest Division,Southwest Division,Southwest Division,Southwest Division,Southwest Division,Southwest Division,2006,
515,63,19,.768,—,95.6,88.8,6.69,2006,SAS
516,60,22,.732,3.0,99.1,93.1,5.96,2006,DAL
517,49,33,.598,14.0,92.2,88.5,3.74,2006,MEM
518,38,44,.463,25.0,92.8,95.6,-2.51,2006,
519,34,48,.415,29.0,90.1,91.7,-1.30,2006,HOU
520,47,35,.573,—,99.5,98.5,0.61,2007,TOR
521,41,41,.500,6.0,97.6,98.3,-1.00,2007,NJN
522,35,47,.427,12.0,94.9,98.0,-3.26,2007,PHI
523,33,49,.402,14.0,97.5,100.3,-3.06,2007,NYK
524,24,58,.293,23.0,95.8,99.2,-3.70,2007,BOS
525,Central Division,Central Division,Central Division,Central Division,Central Division,Central Division,Central Division,2007,
526,53,29,.646,—,96.0,91.8,3.69,2007,DET
527,50,32,.610,3.0,96.8,92.9,3.33,2007,CLE
528,49,33,.598,4.0,98.8,93.8,4.52,2007,CHI
529,35,47,.427,18.0,95.6,98.0,-2.62,2007,IND
530,28,54,.341,25.0,99.7,104.0,-4.43,2007,MIL
531,Southeast Division,Southeast Division,Southeast Division,Southeast Division,Southeast Division,Southeast Division,Southeast Division,2007,
532,44,38,.537,—,94.6,95.5,-1.21,2007,MIA
533,41,41,.500,3.0,104.3,104.9,-0.80,2007,WAS
534,40,42,.488,4.0,94.8,94.0,0.35,2007,ORL
535,33,49,.402,11.0,96.9,100.6,-3.97,2007,
536,30,52,.366,14.0,93.7,98.4,-4.86,2007,ATL
537,Northwest Division,Northwest Division,Northwest Division,Northwest Division,Northwest Division,Northwest Division,Northwest Division,2007,
538,51,31,.622,—,101.5,98.6,3.06,2007,UTA
539,45,37,.549,6.0,105.4,103.7,1.69,2007,DEN
540,32,50,.390,19.0,94.1,98.4,-3.78,2007,POR
541,32,50,.390,19.0,96.1,99.7,-3.16,2007,MIN
542,31,51,.378,20.0,99.1,102.0,-2.45,2007,SEA
543,Pacific Division,Pacific Division,Pacific Division,Pacific Division,Pacific Division,Pacific Division,Pacific Division,2007,
544,61,21,.744,—,110.2,102.9,7.28,2007,PHO
545,42,40,.512,19.0,103.3,103.4,0.24,2007,LAL
546,42,40,.512,19.0,106.5,106.9,0.00,2007,GSW
547,40,42,.488,21.0,95.6,96.1,-0.07,2007,LAC
548,33,49,.402,28.0,101.3,103.1,-1.35,2007,SAC
549,Southwest Division,Southwest Division,Southwest Division,Southwest Division,Southwest Division,Southwest Division,Southwest Division,2007,
550,67,15,.817,—,100.0,92.8,7.28,2007,DAL
551,58,24,.707,9.0,98.5,90.1,8.35,2007,SAS
552,52,30,.634,15.0,97.0,92.1,5.04,2007,HOU
553,39,43,.476,28.0,95.5,97.1,-1.19,2007,
554,22,60,.268,45.0,101.6,106.7,-4.44,2007,MEM
555,66,16,.805,—,100.5,90.3,9.30,2008,BOS
556,41,41,.500,25.0,100.2,97.3,2.47,2008,TOR
557,40,42,.488,26.0,96.6,96.2,0.19,2008,PHI
558,34,48,.415,32.0,95.8,100.9,-5.15,2008,NJN
559,23,59,.280,43.0,96.9,103.5,-6.55,2008,NYK
560,Central Division,Central Division,Central Division,Central Division,Central Division,Central Division,Central Division,2008,
561,59,23,.720,—,97.5,90.1,6.67,2008,DET
562,45,37,.549,14.0,96.4,96.7,-0.53,2008,CLE
563,36,46,.439,23.0,104.0,105.4,-1.87,2008,IND
564,33,49,.402,26.0,97.3,100.4,-3.19,2008,CHI
565,26,56,.317,33.0,97.0,103.9,-6.92,2008,MIL
566,Southeast Division,Southeast Division,Southeast Division,Southeast Division,Southeast Division,Southeast Division,Southeast Division,2008,
567,52,30,.634,—,104.5,99.0,4.79,2008,ORL
568,43,39,.524,9.0,98.8,99.2,-0.61,2008,WAS
569,37,45,.451,15.0,98.2,100.0,-2.23,2008,ATL
570,32,50,.390,20.0,97.1,101.4,-4.49,2008,
571,15,67,.183,37.0,91.4,100.0,-8.53,2008,MIA
572,Northwest Division,Northwest Division,Northwest Division,Northwest Division,Northwest Division,Northwest Division,Northwest Division,2008,
573,54,28,.659,—,106.2,99.3,6.86,2008,UTA
574,50,32,.610,4.0,110.7,107.0,3.74,2008,DEN
575,41,41,.500,13.0,95.4,96.3,-0.52,2008,POR
576,22,60,.268,32.0,95.6,102.4,-6.26,2008,MIN
577,20,62,.244,34.0,97.5,106.3,-8.04,2008,SEA
578,Pacific Division,Pacific Division,Pacific Division,Pacific Division,Pacific Division,Pacific Division,Pacific Division,2008,
579,57,25,.695,—,108.6,101.3,7.34,2008,LAL
580,55,27,.671,2.0,110.1,105.0,5.14,2008,PHO
581,48,34,.585,9.0,111.0,108.8,2.38,2008,GSW
582,38,44,.463,19.0,102.5,104.8,-1.86,2008,SAC
583,23,59,.280,34.0,93.8,101.1,-6.56,2008,LAC
584,Southwest Division,Southwest Division,Southwest Division,Southwest Division,Southwest Division,Southwest Division,Southwest Division,2008,
585,56,26,.683,—,100.9,95.6,5.46,2008,
586,56,26,.683,—,95.4,90.6,5.10,2008,SAS
587,55,27,.671,1.0,96.7,92.0,4.83,2008,HOU
588,51,31,.622,5.0,100.4,95.9,4.70,2008,DAL
589,22,60,.268,34.0,100.7,106.9,-5.76,2008,MEM
590,62,20,.756,—,100.9,93.4,7.44,2009,BOS
591,41,41,.500,21.0,97.4,97.3,0.16,2009,PHI
592,34,48,.415,28.0,98.1,100.5,-2.31,2009,NJN
593,33,49,.402,29.0,99.0,101.9,-2.54,2009,TOR
594,32,50,.390,30.0,105.2,107.8,-2.33,2009,NYK
595,Central Division,Central Division,Central Division,Central Division,Central Division,Central Division,Central Division,2009,
596,66,16,.805,—,100.3,91.4,8.68,2009,CLE
597,41,41,.500,25.0,102.2,102.5,-0.16,2009,CHI
598,39,43,.476,27.0,94.2,94.7,-0.36,2009,DET
599,36,46,.439,30.0,105.1,106.2,-0.76,2009,IND
600,34,48,.415,32.0,99.3,100.4,-0.88,2009,MIL
601,Southeast Division,Southeast Division,Southeast Division,Southeast Division,Southeast Division,Southeast Division,Southeast Division,2009,
602,59,23,.720,—,101.0,94.4,6.48,2009,ORL
603,47,35,.573,12.0,98.1,96.5,1.70,2009,ATL
604,43,39,.524,16.0,98.3,98.0,0.49,2009,MIA
605,35,47,.427,24.0,93.6,94.9,-1.20,2009,
606,19,63,.232,40.0,96.1,103.5,-6.98,2009,WAS
607,Northwest Division,Northwest Division,Northwest Division,Northwest Division,Northwest Division,Northwest Division,Northwest Division,2009,
608,54,28,.659,—,104.3,100.9,3.13,2009,DEN
609,54,28,.659,—,99.4,94.1,5.00,2009,POR
610,48,34,.585,6.0,103.6,100.9,2.31,2009,UTA
611,24,58,.293,30.0,97.8,102.7,-4.74,2009,MIN
612,23,59,.280,31.0,97.0,103.1,-6.04,2009,OKC
613,Pacific Division,Pacific Division,Pacific Division,Pacific Division,Pacific Division,Pacific Division,Pacific Division,2009,
614,65,17,.793,—,106.9,99.3,7.11,2009,LAL
615,46,36,.561,19.0,109.4,107.5,1.62,2009,PHO
616,29,53,.354,36.0,108.6,112.3,-3.80,2009,GSW
617,19,63,.232,46.0,95.1,103.9,-8.47,2009,LAC
618,17,65,.207,48.0,100.6,109.3,-8.60,2009,SAC
619,Southwest Division,Southwest Division,Southwest Division,Southwest Division,Southwest Division,Southwest Division,Southwest Division,2009,
620,54,28,.659,—,97.0,93.3,3.36,2009,SAS
621,53,29,.646,1.0,98.4,94.4,3.73,2009,HOU
622,50,32,.610,4.0,101.7,99.8,1.68,2009,DAL
623,49,33,.598,5.0,95.8,94.3,1.41,2009,
624,24,58,.293,30.0,93.9,99.3,-5.23,2009,MEM
625,50,32,.610,—,99.2,95.6,3.37,2010,BOS
626,40,42,.488,10.0,104.1,105.9,-1.83,2010,TOR
627,29,53,.354,21.0,102.1,105.9,-4.01,2010,NYK
628,27,55,.329,23.0,97.7,101.6,-3.93,2010,PHI
629,12,70,.146,38.0,92.4,101.5,-8.93,2010,NJN
630,Central Division,Central Division,Central Division,Central Division,Central Division,Central Division,Central Division,2010,
631,61,21,.744,—,102.1,95.6,6.17,2010,CLE
632,46,36,.561,15.0,97.7,96.0,1.37,2010,MIL
633,41,41,.500,20.0,97.5,99.1,-1.64,2010,CHI
634,32,50,.390,29.0,100.8,103.8,-3.11,2010,IND
635,27,55,.329,34.0,94.0,99.1,-5.02,2010,DET
636,Southeast Division,Southeast Division,Southeast Division,Southeast Division,Southeast Division,Southeast Division,Southeast Division,2010,
637,59,23,.720,—,102.8,95.3,7.12,2010,ORL
638,53,29,.646,6.0,101.7,97.0,4.44,2010,ATL
639,47,35,.573,12.0,96.5,94.2,1.99,2010,MIA
640,44,38,.537,15.0,95.3,93.8,1.30,2010,
641,26,56,.317,33.0,96.2,101.0,-4.72,2010,WAS
642,Northwest Division,Northwest Division,Northwest Division,Northwest Division,Northwest Division,Northwest Division,Northwest Division,2010,
643,53,29,.646,—,106.5,102.4,4.15,2010,DEN
644,53,29,.646,—,104.2,98.9,5.33,2010,UTA
645,50,32,.610,3.0,98.1,94.8,3.18,2010,POR
646,50,32,.610,3.0,101.5,98.0,3.55,2010,OKC
647,15,67,.183,38.0,98.2,107.8,-9.06,2010,MIN
648,Pacific Division,Pacific Division,Pacific Division,Pacific Division,Pacific Division,Pacific Division,Pacific Division,2010,
649,57,25,.695,—,101.7,97.0,4.78,2010,LAL
650,54,28,.659,3.0,110.2,105.3,4.67,2010,PHO
651,29,53,.354,28.0,95.7,102.1,-6.01,2010,LAC
652,26,56,.317,31.0,108.8,112.4,-3.28,2010,GSW
653,25,57,.305,32.0,100.0,104.4,-4.06,2010,SAC
654,Southwest Division,Southwest Division,Southwest Division,Southwest Division,Southwest Division,Southwest Division,Southwest Division,2010,
655,55,27,.671,—,102.0,99.3,2.66,2010,DAL
656,50,32,.610,5.0,101.4,96.3,5.07,2010,SAS
657,42,40,.512,13.0,102.4,102.7,-0.02,2010,HOU
658,40,42,.488,15.0,102.5,104.0,-1.39,2010,MEM
659,37,45,.451,18.0,100.2,102.7,-2.27,2010,
660,56,26,.683,—,96.5,91.1,4.83,2011,BOS
661,42,40,.512,14.0,106.5,105.7,0.48,2011,NYK
662,41,41,.500,15.0,99.0,97.5,1.01,2011,PHI
663,24,58,.293,32.0,94.2,100.4,-6.28,2011,NJN
664,22,60,.268,34.0,99.1,105.4,-6.28,2011,TOR
665,Central Division,Central Division,Central Division,Central Division,Central Division,Central Division,Central Division,2011,
666,62,20,.756,—,98.6,91.3,6.53,2011,CHI
667,37,45,.451,25.0,99.8,100.9,-1.38,2011,IND
668,35,47,.427,27.0,91.9,92.7,-1.02,2011,MIL
669,30,52,.366,32.0,97.0,100.6,-3.78,2011,DET
670,19,63,.232,43.0,95.5,104.5,-8.88,2011,CLE
671,Southeast Division,Southeast Division,Southeast Division,Southeast Division,Southeast Division,Southeast Division,Southeast Division,2011,
672,58,24,.707,—,102.1,94.6,6.76,2011,MIA
673,52,30,.634,6.0,99.2,93.7,4.92,2011,ORL
674,44,38,.537,14.0,95.0,95.8,-1.10,2011,ATL
675,34,48,.415,24.0,93.3,97.3,-4.08,2011,
676,23,59,.280,35.0,97.3,104.7,-7.30,2011,WAS
677,Northwest Division,Northwest Division,Northwest Division,Northwest Division,Northwest Division,Northwest Division,Northwest Division,2011,
678,55,27,.671,—,104.8,101.0,3.81,2011,OKC
679,50,32,.610,5.0,107.5,102.7,4.81,2011,DEN
680,48,34,.585,7.0,96.3,94.8,1.85,2011,POR
681,39,43,.476,16.0,99.4,101.3,-1.44,2011,UTA
682,17,65,.207,38.0,101.1,107.7,-5.97,2011,MIN
683,Pacific Division,Pacific Division,Pacific Division,Pacific Division,Pacific Division,Pacific Division,Pacific Division,2011,
684,57,25,.695,—,101.5,95.4,6.01,2011,LAL
685,40,42,.488,17.0,105.0,105.9,-0.46,2011,PHO
686,36,46,.439,21.0,103.4,105.7,-2.00,2011,GSW
687,32,50,.390,25.0,98.6,101.8,-2.71,2011,LAC
688,24,58,.293,33.0,99.4,104.7,-4.80,2011,SAC
689,Southwest Division,Southwest Division,Southwest Division,Southwest Division,Southwest Division,Southwest Division,Southwest Division,2011,
690,61,21,.744,—,103.7,98.0,5.86,2011,SAS
691,57,25,.695,4.0,100.2,96.0,4.41,2011,DAL
692,46,36,.561,15.0,94.9,94.0,1.28,2011,
693,46,36,.561,15.0,99.9,97.6,2.55,2011,MEM
694,43,39,.524,18.0,105.9,103.7,2.37,2011,HOU
695,39,27,.591,—,91.8,89.3,2.26,2012,BOS
696,36,30,.545,3.0,97.8,94.7,2.39,2012,NYK
697,35,31,.530,4.0,93.6,89.4,3.59,2012,PHI
698,23,43,.348,16.0,90.7,94.0,-3.67,2012,TOR
699,22,44,.333,17.0,93.1,99.1,-6.37,2012,NJN
700,Central Division,Central Division,Central Division,Central Division,Central Division,Central Division,Central Division,2012,
701,50,16,.758,—,96.3,88.2,7.43,2012,CHI
702,42,24,.636,8.0,97.7,94.4,2.60,2012,IND
703,31,35,.470,19.0,99.0,98.7,-0.23,2012,MIL
704,25,41,.379,25.0,90.9,95.7,-5.19,2012,DET
705,21,45,.318,29.0,93.0,100.2,-7.34,2012,CLE
706,Southeast Division,Southeast Division,Southeast Division,Southeast Division,Southeast Division,Southeast Division,Southeast Division,2012,
707,46,20,.697,—,98.5,92.5,5.72,2012,MIA
708,40,26,.606,6.0,96.6,93.2,2.67,2012,ATL
709,37,29,.561,9.0,94.2,93.4,0.46,2012,ORL
710,20,46,.303,26.0,93.6,98.4,-5.14,2012,WAS
711,7,59,.106,39.0,87.0,100.9,-13.96,2012,
712,Northwest Division,Northwest Division,Northwest Division,Northwest Division,Northwest Division,Northwest Division,Northwest Division,2012,
713,47,19,.712,—,103.1,96.9,6.44,2012,OKC
714,38,28,.576,9.0,104.1,101.2,3.16,2012,DEN
715,36,30,.545,11.0,99.7,99.0,0.92,2012,UTA
716,28,38,.424,19.0,97.2,97.8,-0.22,2012,POR
717,26,40,.394,21.0,97.9,100.1,-1.83,2012,MIN
718,Pacific Division,Pacific Division,Pacific Division,Pacific Division,Pacific Division,Pacific Division,Pacific Division,2012,
719,41,25,.621,—,97.3,95.9,1.96,2012,LAL
720,40,26,.606,1.0,97.5,95.0,2.82,2012,LAC
721,33,33,.500,8.0,98.4,98.6,0.29,2012,PHO
722,23,43,.348,18.0,97.8,101.2,-2.79,2012,GSW
723,22,44,.333,19.0,98.8,104.4,-4.95,2012,SAC
724,Southwest Division,Southwest Division,Southwest Division,Southwest Division,Southwest Division,Southwest Division,Southwest Division,2012,
725,50,16,.758,—,103.7,96.5,7.28,2012,SAS
726,41,25,.621,9.0,95.0,93.0,2.43,2012,MEM
727,36,30,.545,14.0,95.8,94.8,1.78,2012,DAL
728,34,32,.515,16.0,98.1,97.9,0.57,2012,HOU
729,21,45,.318,29.0,89.6,93.4,-3.11,2012,
730,54,28,.659,—,100.0,95.7,3.73,2013,NYK
731,49,33,.598,5.0,96.9,95.1,1.25,2013,BRK
732,41,40,.506,12.5,96.5,96.7,-0.62,2013,BOS
733,34,48,.415,20.0,93.2,96.5,-3.51,2013,PHI
734,34,48,.415,20.0,97.2,98.7,-1.96,2013,TOR
735,Central Division,Central Division,Central Division,Central Division,Central Division,Central Division,Central Division,2013,
736,49,32,.605,—,94.7,90.7,3.34,2013,IND
737,45,37,.549,4.5,93.2,92.9,-0.02,2013,CHI
738,38,44,.463,11.5,98.9,100.4,-1.83,2013,MIL
739,29,53,.354,20.5,94.9,98.8,-4.33,2013,DET
740,24,58,.293,25.5,96.5,101.2,-4.87,2013,CLE
741,Southeast Division,Southeast Division,Southeast Division,Southeast Division,Southeast Division,Southeast Division,Southeast Division,2013,
742,66,16,.805,—,102.9,95.0,7.03,2013,MIA
743,44,38,.537,22.0,98.0,97.5,-0.08,2013,ATL
744,29,53,.354,37.0,93.2,95.8,-2.78,2013,WAS
745,21,61,.256,45.0,93.4,102.7,-9.29,2013,
746,20,62,.244,46.0,94.1,101.1,-7.12,2013,ORL
747,Northwest Division,Northwest Division,Northwest Division,Northwest Division,Northwest Division,Northwest Division,Northwest Division,2013,
748,60,22,.732,—,105.7,96.5,9.15,2013,OKC
749,57,25,.695,3.0,106.1,101.1,5.37,2013,DEN
750,43,39,.524,17.0,98.0,98.1,0.30,2013,UTA
751,33,49,.402,27.0,97.5,100.7,-2.53,2013,POR
752,31,51,.378,29.0,95.7,98.1,-1.83,2013,MIN
753,Pacific Division,Pacific Division,Pacific Division,Pacific Division,Pacific Division,Pacific Division,Pacific Division,2013,
754,56,26,.683,—,101.1,94.6,6.43,2013,LAC
755,47,35,.573,9.0,101.2,100.3,1.32,2013,GSW
756,45,37,.549,11.0,102.2,101.0,1.48,2013,LAL
757,28,54,.341,28.0,100.2,105.1,-4.26,2013,SAC
758,25,57,.305,31.0,95.2,101.6,-5.75,2013,PHO
759,Southwest Division,Southwest Division,Southwest Division,Southwest Division,Southwest Division,Southwest Division,Southwest Division,2013,
760,58,24,.707,—,103.0,96.6,6.67,2013,SAS
761,56,26,.683,2.0,93.4,89.3,4.32,2013,MEM
762,45,37,.549,13.0,106.0,102.5,3.69,2013,HOU
763,41,41,.500,17.0,101.1,101.7,-0.24,2013,DAL
764,27,55,.329,31.0,94.1,97.9,-3.12,2013,
765,48,34,.585,—,101.3,98.0,2.55,2014,TOR
766,44,38,.537,4.0,98.5,99.5,-1.58,2014,BRK
767,37,45,.451,11.0,98.6,99.4,-1.40,2014,NYK
768,25,57,.305,23.0,96.2,100.7,-4.97,2014,BOS
769,19,63,.232,29.0,99.5,109.9,-10.66,2014,PHI
770,Central Division,Central Division,Central Division,Central Division,Central Division,Central Division,Central Division,2014,
771,56,26,.683,—,96.7,92.3,3.63,2014,IND
772,48,34,.585,8.0,93.7,91.8,1.20,2014,CHI
773,33,49,.402,23.0,98.2,101.5,-3.86,2014,CLE
774,29,53,.354,27.0,101.0,104.7,-4.13,2014,DET
775,15,67,.183,41.0,95.5,103.7,-8.41,2014,MIL
776,Southeast Division,Southeast Division,Southeast Division,Southeast Division,Southeast Division,Southeast Division,Southeast Division,2014,
777,54,28,.659,—,102.2,97.4,4.15,2014,MIA
778,44,38,.537,10.0,100.7,99.4,0.48,2014,WAS
779,43,39,.524,11.0,96.9,97.1,-0.89,2014,
780,38,44,.463,16.0,101.0,101.5,-0.88,2014,ATL
781,23,59,.280,31.0,96.5,102.0,-5.88,2014,ORL
782,Northwest Division,Northwest Division,Northwest Division,Northwest Division,Northwest Division,Northwest Division,Northwest Division,2014,
783,59,23,.720,—,106.2,99.8,6.66,2014,OKC
784,54,28,.659,5.0,106.7,102.8,4.44,2014,POR
785,40,42,.488,19.0,106.9,104.3,3.10,2014,MIN
786,36,46,.439,23.0,104.4,106.5,-1.40,2014,DEN
787,25,57,.305,34.0,95.0,102.2,-6.27,2014,UTA
788,Pacific Division,Pacific Division,Pacific Division,Pacific Division,Pacific Division,Pacific Division,Pacific Division,2014,
789,57,25,.695,—,107.9,101.0,7.27,2014,LAC
790,51,31,.622,6.0,104.3,99.5,5.15,2014,GSW
791,48,34,.585,9.0,105.2,102.6,3.02,2014,PHO
792,28,54,.341,29.0,100.5,103.4,-2.08,2014,SAC
793,27,55,.329,30.0,103.0,109.2,-5.33,2014,LAL
794,Southwest Division,Southwest Division,Southwest Division,Southwest Division,Southwest Division,Southwest Division,Southwest Division,2014,
795,62,20,.756,—,105.4,97.6,8.00,2014,SAS
796,54,28,.659,8.0,107.7,103.1,5.06,2014,HOU
797,50,32,.610,12.0,96.1,94.6,2.18,2014,MEM
798,49,33,.598,13.0,104.8,102.4,2.91,2014,DAL
799,34,48,.415,28.0,99.7,102.4,-1.98,2014,NOP
800,49,33,.598,—,104.0,100.9,2.45,2015,TOR
801,40,42,.488,9.0,101.4,101.2,-0.40,2015,BOS
802,38,44,.463,11.0,98.0,100.9,-3.13,2015,BRK
803,18,64,.220,31.0,92.0,101.0,-9.04,2015,PHI
804,17,65,.207,32.0,91.9,101.2,-9.50,2015,NYK
805,Central Division,Central Division,Central Division,Central Division,Central Division,Central Division,Central Division,2015,
806,53,29,.646,—,103.1,98.7,4.08,2015,CLE
807,50,32,.610,3.0,100.8,97.8,2.54,2015,CHI
808,41,41,.500,12.0,97.8,97.4,-0.09,2015,MIL
809,38,44,.463,15.0,97.3,97.0,-0.23,2015,IND
810,32,50,.390,21.0,98.5,99.5,-1.39,2015,DET
811,Southeast Division,Southeast Division,Southeast Division,Southeast Division,Southeast Division,Southeast Division,Southeast Division,2015,
812,60,22,.732,—,102.5,97.1,4.75,2015,ATL
813,46,36,.561,14.0,98.5,97.8,0.17,2015,WAS
814,37,45,.451,23.0,94.7,97.3,-2.92,2015,MIA
815,33,49,.402,27.0,94.2,97.3,-3.44,2015,CHA
816,33,49,.402,27.0,94.2,97.3,-3.44,2015,CHH
817,25,57,.305,35.0,95.7,101.4,-5.87,2015,ORL
818,Northwest Division,Northwest Division,Northwest Division,Northwest Division,Northwest Division,Northwest Division,Northwest Division,2015,
819,51,31,.622,—,102.8,98.6,4.41,2015,POR
820,45,37,.549,6.0,104.0,101.8,2.47,2015,OKC
821,38,44,.463,13.0,95.1,94.9,0.71,2015,UTA
822,30,52,.366,21.0,101.5,105.0,-3.07,2015,DEN
823,16,66,.195,35.0,97.8,106.5,-8.00,2015,MIN
824,Pacific Division,Pacific Division,Pacific Division,Pacific Division,Pacific Division,Pacific Division,Pacific Division,2015,
825,67,15,.817,—,110.0,99.9,10.01,2015,GSW
826,56,26,.683,11.0,106.7,100.1,6.80,2015,LAC
827,39,43,.476,28.0,102.4,103.3,-0.38,2015,PHO
828,29,53,.354,38.0,101.3,105.0,-3.07,2015,SAC
829,21,61,.256,46.0,98.5,105.3,-6.17,2015,LAL
830,Southwest Division,Southwest Division,Southwest Division,Southwest Division,Southwest Division,Southwest Division,Southwest Division,2015,
831,56,26,.683,—,103.9,100.5,3.82,2015,HOU
832,55,27,.671,1.0,98.3,95.1,3.62,2015,MEM
833,55,27,.671,1.0,103.2,97.0,6.34,2015,SAS
834,50,32,.610,6.0,105.2,102.3,3.36,2015,DAL
835,45,37,.549,11.0,99.4,98.6,1.13,2015,NOP
836,56,26,.683,—,102.7,98.2,4.08,2016,TOR
837,48,34,.585,8.0,105.7,102.5,2.84,2016,BOS
838,32,50,.390,24.0,98.4,101.1,-2.74,2016,NYK
839,21,61,.256,35.0,98.6,106.0,-7.12,2016,BRK
840,10,72,.122,46.0,97.4,107.6,-9.92,2016,PHI
841,Central Division,Central Division,Central Division,Central Division,Central Division,Central Division,Central Division,2016,
842,57,25,.695,—,104.3,98.3,5.45,2016,CLE
843,45,37,.549,12.0,102.2,100.5,1.62,2016,IND
844,44,38,.537,13.0,102.0,101.4,0.43,2016,DET
845,42,40,.512,15.0,101.6,103.1,-1.46,2016,CHI
846,33,49,.402,24.0,99.0,103.2,-3.98,2016,MIL
847,Southeast Division,Southeast Division,Southeast Division,Southeast Division,Southeast Division,Southeast Division,Southeast Division,2016,
848,48,34,.585,—,100.0,98.4,1.50,2016,MIA
849,48,34,.585,—,102.8,99.2,3.49,2016,ATL
850,48,34,.585,—,103.4,100.7,2.36,2016,CHA
851,48,34,.585,—,103.4,100.7,2.36,2016,CHH
852,41,41,.500,7.0,104.1,104.6,-0.50,2016,WAS
853,35,47,.427,13.0,102.1,103.7,-1.68,2016,ORL
854,Northwest Division,Northwest Division,Northwest Division,Northwest Division,Northwest Division,Northwest Division,Northwest Division,2016,
855,55,27,.671,—,110.2,102.9,7.09,2016,OKC
856,44,38,.537,11.0,105.1,104.3,0.98,2016,POR
857,40,42,.488,15.0,97.7,95.9,1.84,2016,UTA
858,33,49,.402,22.0,101.9,105.0,-2.81,2016,DEN
859,29,53,.354,26.0,102.4,106.0,-3.38,2016,MIN
860,Pacific Division,Pacific Division,Pacific Division,Pacific Division,Pacific Division,Pacific Division,Pacific Division,2016,
861,73,9,.890,—,114.9,104.1,10.38,2016,GSW
862,53,29,.646,20.0,104.5,100.2,4.13,2016,LAC
863,33,49,.402,40.0,106.6,109.1,-2.32,2016,SAC
864,23,59,.280,50.0,100.9,107.5,-6.32,2016,PHO
865,17,65,.207,56.0,97.3,106.9,-8.92,2016,LAL
866,Southwest Division,Southwest Division,Southwest Division,Southwest Division,Southwest Division,Southwest Division,Southwest Division,2016,
867,67,15,.817,—,103.5,92.9,10.28,2016,SAS
868,42,40,.512,25.0,102.3,102.6,-0.02,2016,DAL
869,42,40,.512,25.0,99.1,101.3,-2.14,2016,MEM
870,41,41,.500,26.0,106.5,106.4,0.34,2016,HOU
871,30,52,.366,37.0,102.7,106.5,-3.56,2016,NOP
872,53,29,.646,—,108.0,105.4,2.25,2017,BOS
873,51,31,.622,2.0,106.9,102.6,3.65,2017,TOR
874,31,51,.378,22.0,104.3,108.0,-3.87,2017,NYK
875,28,54,.341,25.0,102.4,108.1,-5.83,2017,PHI
876,20,62,.244,33.0,105.8,112.5,-6.74,2017,BRK
877,Central Division,Central Division,Central Division,Central Division,Central Division,Central Division,Central Division,2017,
878,51,31,.622,—,110.3,107.2,2.87,2017,CLE
879,42,40,.512,9.0,103.6,103.8,-0.45,2017,MIL
880,42,40,.512,9.0,105.1,105.3,-0.64,2017,IND
881,41,41,.500,10.0,102.9,102.4,0.03,2017,CHI
882,37,45,.451,14.0,101.3,102.5,-1.29,2017,DET
883,Southeast Division,Southeast Division,Southeast Division,Southeast Division,Southeast Division,Southeast Division,Southeast Division,2017,
884,49,33,.598,—,109.2,107.4,1.36,2017,WAS
885,43,39,.524,6.0,103.2,104.0,-1.23,2017,ATL
886,41,41,.500,8.0,103.2,102.1,0.77,2017,MIA
887,36,46,.439,13.0,104.9,104.7,-0.07,2017,CHA
888,36,46,.439,13.0,104.9,104.7,-0.07,2017,CHH
889,29,53,.354,20.0,101.1,107.6,-6.61,2017,ORL
890,Northwest Division,Northwest Division,Northwest Division,Northwest Division,Northwest Division,Northwest Division,Northwest Division,2017,
891,51,31,.622,—,100.7,96.8,4.00,2017,UTA
892,47,35,.573,4.0,106.6,105.8,1.14,2017,OKC
893,41,41,.500,10.0,107.9,108.5,-0.23,2017,POR
894,40,42,.488,11.0,111.7,111.2,0.70,2017,DEN
895,31,51,.378,20.0,105.6,106.7,-0.64,2017,MIN
896,Pacific Division,Pacific Division,Pacific Division,Pacific Division,Pacific Division,Pacific Division,Pacific Division,2017,
897,67,15,.817,—,115.9,104.3,11.35,2017,GSW
898,51,31,.622,16.0,108.7,104.4,4.42,2017,LAC
899,32,50,.390,35.0,102.8,106.7,-3.29,2017,SAC
900,26,56,.317,41.0,104.6,111.5,-6.29,2017,LAL
901,24,58,.293,43.0,107.7,113.3,-5.14,2017,PHO
902,Southwest Division,Southwest Division,Southwest Division,Southwest Division,Southwest Division,Southwest Division,Southwest Division,2017,
903,61,21,.744,—,105.3,98.1,7.13,2017,SAS
904,55,27,.671,6.0,115.3,109.6,5.84,2017,HOU
905,43,39,.524,18.0,100.5,100.0,0.96,2017,MEM
906,34,48,.415,27.0,104.3,106.4,-1.69,2017,NOP
907,33,49,.402,28.0,97.9,100.8,-2.53,2017,DAL
908,59,23,.720,—,111.7,103.9,7.29,2018,TOR
909,55,27,.671,4.0,104.0,100.4,3.23,2018,BOS
910,52,30,.634,7.0,109.8,105.3,4.30,2018,PHI
911,29,53,.354,30.0,104.5,108.0,-3.53,2018,NYK
912,28,54,.341,31.0,106.6,110.3,-3.67,2018,BRK
913,Central Division,Central Division,Central Division,Central Division,Central Division,Central Division,Central Division,2018,
914,50,32,.610,—,110.9,109.9,0.59,2018,CLE
915,48,34,.585,2.0,105.6,104.2,1.18,2018,IND
916,44,38,.537,6.0,106.5,106.8,-0.45,2018,MIL
917,39,43,.476,11.0,103.8,103.9,-0.26,2018,DET
918,27,55,.329,23.0,102.9,110.0,-6.84,2018,CHI
919,Southeast Division,Southeast Division,Southeast Division,Southeast Division,Southeast Division,Southeast Division,Southeast Division,2018,
920,44,38,.537,—,103.4,102.9,0.15,2018,MIA
921,43,39,.524,1.0,106.6,106.0,0.53,2018,WAS
922,36,46,.439,8.0,108.2,108.0,0.07,2018,CHA
923,36,46,.439,8.0,108.2,108.0,0.07,2018,CHH
924,25,57,.305,19.0,103.4,108.2,-4.92,2018,ORL
925,24,58,.293,20.0,103.4,108.8,-5.30,2018,ATL
926,Northwest Division,Northwest Division,Northwest Division,Northwest Division,Northwest Division,Northwest Division,Northwest Division,2018,
927,49,33,.598,—,105.6,103.0,2.60,2018,POR
928,48,34,.585,1.0,107.9,104.4,3.42,2018,OKC
929,48,34,.585,1.0,104.1,99.8,4.47,2018,UTA
930,47,35,.573,2.0,109.5,107.3,2.35,2018,MIN
931,46,36,.561,3.0,110.0,108.5,1.57,2018,DEN
932,Pacific Division,Pacific Division,Pacific Division,Pacific Division,Pacific Division,Pacific Division,Pacific Division,2018,
933,58,24,.707,—,113.5,107.5,5.79,2018,GSW
934,42,40,.512,16.0,109.0,109.0,0.15,2018,LAC
935,35,47,.427,23.0,108.1,109.6,-1.44,2018,LAL
936,27,55,.329,31.0,98.8,105.8,-6.60,2018,SAC
937,21,61,.256,37.0,103.9,113.3,-8.80,2018,PHO
938,Southwest Division,Southwest Division,Southwest Division,Southwest Division,Southwest Division,Southwest Division,Southwest Division,2018,
939,65,17,.793,—,112.4,103.9,8.21,2018,HOU
940,48,34,.585,17.0,111.7,110.4,1.48,2018,NOP
941,47,35,.573,18.0,102.7,99.8,2.89,2018,SAS
942,24,58,.293,41.0,102.3,105.4,-2.70,2018,DAL
943,22,60,.268,43.0,99.3,105.5,-5.81,2018,MEM
944,58,24,.707,—,114.4,108.4,5.49,2019,TOR
945,51,31,.622,7.0,115.2,112.5,2.25,2019,PHI
946,49,33,.598,9.0,112.4,108.0,3.90,2019,BOS
947,42,40,.512,16.0,112.2,112.3,-0.40,2019,BRK
948,17,65,.207,41.0,104.6,113.8,-8.93,2019,NYK
949,Central Division,Central Division,Central Division,Central Division,Central Division,Central Division,Central Division,2019,
950,60,22,.732,—,118.1,109.3,8.04,2019,MIL
951,48,34,.585,12.0,108.0,104.7,2.76,2019,IND
952,41,41,.500,19.0,107.0,107.3,-0.56,2019,DET
953,22,60,.268,38.0,104.9,113.4,-8.32,2019,CHI
954,19,63,.232,41.0,104.5,114.1,-9.39,2019,CLE
955,Southeast Division,Southeast Division,Southeast Division,Southeast Division,Southeast Division,Southeast Division,Southeast Division,2019,
956,42,40,.512,—,107.3,106.6,0.28,2019,ORL
957,39,43,.476,3.0,110.7,111.8,-1.32,2019,CHA
958,39,43,.476,3.0,110.7,111.8,-1.32,2019,CHH
959,39,43,.476,3.0,105.7,105.9,-0.45,2019,MIA
960,32,50,.390,10.0,114.0,116.9,-3.30,2019,WAS
961,29,53,.354,13.0,113.3,119.4,-6.06,2019,ATL
962,Northwest Division,Northwest Division,Northwest Division,Northwest Division,Northwest Division,Northwest Division,Northwest Division,2019,
963,54,28,.659,—,110.7,106.7,4.19,2019,DEN
964,53,29,.646,1.0,114.7,110.5,4.43,2019,POR
965,50,32,.610,4.0,111.7,106.5,5.28,2019,UTA
966,49,33,.598,5.0,114.5,111.1,3.56,2019,OKC
967,36,46,.439,18.0,112.5,114.0,-1.02,2019,MIN
968,Pacific Division,Pacific Division,Pacific Division,Pacific Division,Pacific Division,Pacific Division,Pacific Division,2019,
969,57,25,.695,—,117.7,111.2,6.42,2019,GSW
970,48,34,.585,9.0,115.1,114.3,1.09,2019,LAC
971,39,43,.476,18.0,114.2,115.3,-0.81,2019,SAC
972,37,45,.451,20.0,111.8,113.5,-1.33,2019,LAL
973,19,63,.232,38.0,107.5,116.8,-8.61,2019,PHO
974,Southwest Division,Southwest Division,Southwest Division,Southwest Division,Southwest Division,Southwest Division,Southwest Division,2019,
975,53,29,.646,—,113.9,109.1,4.96,2019,HOU
976,48,34,.585,5.0,111.7,110.0,1.80,2019,SAS
977,33,49,.402,20.0,103.5,106.1,-2.08,2019,MEM
978,33,49,.402,20.0,115.4,116.8,-1.10,2019,NOP
979,33,49,.402,20.0,108.9,110.1,-0.87,2019,DAL
980,53,19,.736,—,112.8,106.5,5.97,2020,TOR
981,48,24,.667,5.0,113.7,107.3,5.83,2020,BOS
982,43,30,.589,10.5,110.7,108.4,2.25,2020,PHI
983,35,37,.486,18.0,111.8,112.3,-1.01,2020,BRK
984,21,45,.318,29.0,105.8,112.3,-6.72,2020,NYK
985,Central Division,Central Division,Central Division,Central Division,Central Division,Central Division,Central Division,2020,
986,56,17,.767,—,118.7,108.6,9.41,2020,MIL
987,45,28,.616,11.0,109.4,107.5,1.63,2020,IND
988,22,43,.338,30.0,106.8,109.9,-4.00,2020,CHI
989,20,46,.303,32.5,107.2,110.8,-4.38,2020,DET
990,19,46,.292,33.0,106.9,114.8,-7.77,2020,CLE
991,Southeast Division,Southeast Division,Southeast Division,Southeast Division,Southeast Division,Southeast Division,Southeast Division,2020,
992,44,29,.603,—,112.0,109.1,2.59,2020,MIA
993,33,40,.452,11.0,107.3,108.3,-0.93,2020,ORL
994,23,42,.354,17.0,102.9,109.6,-7.03,2020,CHA
995,23,42,.354,17.0,102.9,109.6,-7.03,2020,CHH
996,25,47,.347,18.5,114.4,119.1,-5.24,2020,WAS
997,20,47,.299,21.0,111.8,119.7,-7.71,2020,ATL
998,Northwest Division,Northwest Division,Northwest Division,Northwest Division,Northwest Division,Northwest Division,Northwest Division,2020,
999,46,27,.630,—,111.3,109.2,2.35,2020,DEN
1000,44,28,.611,1.5,110.4,108.4,2.33,2020,OKC
1001,44,28,.611,1.5,111.3,108.8,2.52,2020,UTA
1002,35,39,.473,11.5,115.0,116.1,-0.61,2020,POR
1003,19,45,.297,22.5,113.3,117.5,-4.02,2020,MIN
1004,Pacific Division,Pacific Division,Pacific Division,Pacific Division,Pacific Division,Pacific Division,Pacific Division,2020,
1005,52,19,.732,—,113.4,107.6,6.28,2020,LAL
1006,49,23,.681,3.5,116.3,109.9,6.66,2020,LAC
1007,34,39,.466,19.0,113.6,113.4,0.56,2020,PHO
1008,31,41,.431,21.5,110.1,112.1,-1.59,2020,SAC
1009,15,50,.231,34.0,106.3,115.0,-8.12,2020,GSW
1010,Southwest Division,Southwest Division,Southwest Division,Southwest Division,Southwest Division,Southwest Division,Southwest Division,2020,
1011,44,28,.611,—,117.8,114.8,3.13,2020,HOU
1012,43,32,.573,2.5,117.0,112.1,4.87,2020,DAL
1013,34,39,.466,10.5,112.6,113.7,-0.91,2020,MEM
1014,32,39,.451,11.5,114.1,115.2,-0.65,2020,SAS
1015,30,42,.417,14.0,115.8,117.1,-0.55,2020,NOP
1016,49,23,.681,—,113.6,108.1,5.28,2021,PHI
1017,48,24,.667,1.0,118.6,114.1,4.24,2021,BRK
1018,41,31,.569,8.0,107.0,104.7,2.13,2021,NYK
1019,36,36,.500,13.0,112.6,111.2,1.32,2021,BOS
1020,27,45,.375,22.0,111.3,111.7,-0.54,2021,TOR
1021,Central Division,Central Division,Central Division,Central Division,Central Division,Central Division,Central Division,2021,
1022,46,26,.639,—,120.1,114.2,5.57,2021,MIL
1023,34,38,.472,12.0,115.3,115.3,-0.13,2021,IND
1024,31,41,.431,15.0,110.7,111.6,-0.94,2021,CHI
1025,22,50,.306,24.0,103.8,112.3,-8.19,2021,CLE
1026,20,52,.278,26.0,106.6,111.1,-4.38,2021,DET
1027,Southeast Division,Southeast Division,Southeast Division,Southeast Division,Southeast Division,Southeast Division,Southeast Division,2021,
1028,41,31,.569,—,113.7,111.4,2.14,2021,ATL
1029,40,32,.556,1.0,108.1,108.0,-0.06,2021,MIA
1030,34,38,.472,7.0,116.6,118.5,-1.85,2021,WAS
1031,33,39,.458,8.0,109.5,111.4,-1.94,2021,CHA
1032,33,39,.458,8.0,109.5,111.4,-1.94,2021,CHH
1033,21,51,.292,20.0,104.0,113.3,-9.02,2021,ORL
1034,Northwest Division,Northwest Division,Northwest Division,Northwest Division,Northwest Division,Northwest Division,Northwest Division,2021,
1035,52,20,.722,—,116.4,107.2,8.97,2021,UTA
1036,47,25,.653,5.0,115.1,110.1,4.82,2021,DEN
1037,42,30,.583,10.0,116.1,114.3,1.81,2021,POR
1038,23,49,.319,29.0,112.1,117.7,-5.25,2021,MIN
1039,22,50,.306,30.0,105.0,115.6,-10.13,2021,OKC
1040,Pacific Division,Pacific Division,Pacific Division,Pacific Division,Pacific Division,Pacific Division,Pacific Division,2021,
1041,51,21,.708,—,115.3,109.5,5.67,2021,PHO
1042,47,25,.653,4.0,114.0,107.8,6.02,2021,LAC
1043,42,30,.583,9.0,109.5,106.8,2.77,2021,LAL
1044,39,33,.542,12.0,113.7,112.7,1.10,2021,GSW
1045,31,41,.431,20.0,113.7,117.4,-3.45,2021,SAC
1046,Southwest Division,Southwest Division,Southwest Division,Southwest Division,Southwest Division,Southwest Division,Southwest Division,2021,
1047,42,30,.583,—,112.4,110.2,2.26,2021,DAL
1048,38,34,.528,4.0,113.3,112.3,1.07,2021,MEM
1049,33,39,.458,9.0,111.1,112.8,-1.58,2021,SAS
1050,31,41,.431,11.0,114.6,114.9,-0.20,2021,NOP
1051,17,55,.236,25.0,108.8,116.7,-7.50,2021,HOU
1052,51,31,.622,—,111.8,104.5,7.02,2022,BOS
1053,51,31,.622,—,109.9,107.3,2.57,2022,PHI
1054,48,34,.585,3.0,109.4,107.1,2.38,2022,TOR
1055,44,38,.537,7.0,112.9,112.1,0.82,2022,BRK
1056,37,45,.451,14.0,106.5,106.6,-0.01,2022,NYK
1057,Central Division,Central Division,Central Division,Central Division,Central Division,Central Division,Central Division,2022,
1058,51,31,.622,—,115.5,112.1,3.22,2022,MIL
1059,46,36,.561,5.0,111.6,112.0,-0.38,2022,CHI
1060,44,38,.537,7.0,107.8,105.7,2.04,2022,CLE
1061,25,57,.305,26.0,111.5,114.9,-3.26,2022,IND
1062,23,59,.280,28.0,104.8,112.5,-7.36,2022,DET
1063,Southeast Division,Southeast Division,Southeast Division,Southeast Division,Southeast Division,Southeast Division,Southeast Division,2022,
1064,53,29,.646,—,110.0,105.6,4.23,2022,MIA
1065,43,39,.524,10.0,113.9,112.4,1.55,2022,ATL
1066,43,39,.524,10.0,115.3,114.9,0.53,2022,CHA
1067,43,39,.524,10.0,115.3,114.9,0.53,2022,CHH
1068,35,47,.427,18.0,108.6,112.0,-3.23,2022,WAS
1069,22,60,.268,31.0,104.2,112.2,-7.67,2022,ORL
1070,Northwest Division,Northwest Division,Northwest Division,Northwest Division,Northwest Division,Northwest Division,Northwest Division,2022,
1071,49,33,.598,—,113.6,107.6,5.67,2022,UTA
1072,48,34,.585,1.0,112.7,110.4,2.16,2022,DEN
1073,46,36,.561,3.0,115.9,113.3,2.53,2022,MIN
1074,27,55,.329,22.0,106.2,115.1,-8.55,2022,POR
1075,24,58,.293,25.0,103.7,111.8,-7.90,2022,OKC
1076,Pacific Division,Pacific Division,Pacific Division,Pacific Division,Pacific Division,Pacific Division,Pacific Division,2022,
1077,64,18,.780,—,114.8,107.3,6.94,2022,PHO
1078,53,29,.646,11.0,111.0,105.5,5.52,2022,GSW
1079,42,40,.512,22.0,108.4,108.4,0.09,2022,LAC
1080,33,49,.402,31.0,112.1,115.1,-3.08,2022,LAL
1081,30,52,.366,34.0,110.3,115.8,-5.26,2022,SAC
1082,Southwest Division,Southwest Division,Southwest Division,Southwest Division,Southwest Division,Southwest Division,Southwest Division,2022,
1083,56,26,.683,—,115.6,109.9,5.37,2022,MEM
1084,52,30,.634,4.0,108.0,104.7,3.12,2022,DAL
1085,36,46,.439,20.0,109.3,110.3,-0.84,2022,NOP
1086,34,48,.415,22.0,113.2,113.0,0.02,2022,SAS
1087,20,62,.244,36.0,109.7,118.2,-8.26,2022,HOU
